name,sym,tradingdate,openingtime,closingtime,startprice,seed,rngmodel,drift,vol,tradingdays,pricemodel,jumpintensity,jumpmean,jumpvol,jumpburst,jumpburstminutes,clock,baseintensity,alpha,beta,transitionpoint,openmult,midmult,closemult,qtymodel,avgqty,qtyvol,generatequotes,spreadticks,spreadopenmult,spreadmidmult,spreadclosemult,spreaddecayminutes,spreadactivity,avgquotesize,quotesizevol,imbalancesignal,ticksize,quotespertrade,quotetradelink,sidepersistence,midpointshare,improvementshare,impactticks,impacthalflife,impactpermanent
nvda_default,NVDA,2026.08.18,09:30,16:00,215.00,42,pseudo,0.05,0.45,252,gbm,0.0,0.0,0.0,3000,1.0,transaction,8.25,0.3,1.0,0.3,1.5,0.5,3.0,lognormal,175,0.8,1,1.15,2.5,1.0,0.9,15,0.5,500,0.6,0.15,0.01,4,0.5,0.7,0.12,0.08,0.25,30,0.3
nvda_volatile,NVDA,2026.08.18,09:30,16:00,215.00,42,pseudo,0.05,0.65,252,gbm,0.0,0.0,0.0,3000,1.0,transaction,8.25,0.6,1.5,0.3,1.5,0.5,3.0,lognormal,175,0.8,1,1.15,2.5,1.0,0.9,15,0.5,500,0.6,0.15,0.01,4,0.5,0.7,0.12,0.08,0.25,30,0.3
nvda_jumpy,NVDA,2026.08.18,09:30,16:00,215.00,42,pseudo,0.05,0.45,252,jump,2.0,0.0,0.02,3000,1.0,transaction,8.25,0.3,1.0,0.3,1.5,0.5,3.0,lognormal,175,0.8,1,1.15,2.5,1.0,0.9,15,0.5,500,0.6,0.15,0.01,4,0.5,0.7,0.12,0.08,0.25,30,0.3
xom_default,XOM,2026.08.18,09:30,16:00,166.00,42,pseudo,0.05,0.45,252,gbm,0.0,0.0,0.0,3000,1.0,transaction,1.35,0.3,1.0,0.3,1.5,0.5,3.0,lognormal,165,0.8,1,1.2,2.5,1.0,0.9,15,0.5,500,0.6,0.15,0.01,4,0.5,0.7,0.12,0.08,0.25,30,0.3
xom_volatile,XOM,2026.08.18,09:30,16:00,166.00,42,pseudo,0.05,0.65,252,gbm,0.0,0.0,0.0,3000,1.0,transaction,1.35,0.6,1.5,0.3,1.5,0.5,3.0,lognormal,165,0.8,1,1.2,2.5,1.0,0.9,15,0.5,500,0.6,0.15,0.01,4,0.5,0.7,0.12,0.08,0.25,30,0.3
xom_jumpy,XOM,2026.08.18,09:30,16:00,166.00,42,pseudo,0.05,0.45,252,jump,2.0,0.0,0.02,3000,1.0,transaction,1.35,0.3,1.0,0.3,1.5,0.5,3.0,lognormal,165,0.8,1,1.2,2.5,1.0,0.9,15,0.5,500,0.6,0.15,0.01,4,0.5,0.7,0.12,0.08,0.25,30,0.3
pg_default,PG,2026.08.18,09:30,16:00,141.00,42,pseudo,0.05,0.45,252,gbm,0.0,0.0,0.0,3000,1.0,transaction,0.85,0.3,1.0,0.3,1.5,0.5,3.0,lognormal,145,0.8,1,1.3,2.5,1.0,0.9,15,0.5,500,0.6,0.15,0.01,4,0.5,0.7,0.12,0.08,0.25,30,0.3
pg_volatile,PG,2026.08.18,09:30,16:00,141.00,42,pseudo,0.05,0.65,252,gbm,0.0,0.0,0.0,3000,1.0,transaction,0.85,0.6,1.5,0.3,1.5,0.5,3.0,lognormal,145,0.8,1,1.3,2.5,1.0,0.9,15,0.5,500,0.6,0.15,0.01,4,0.5,0.7,0.12,0.08,0.25,30,0.3
pg_jumpy,PG,2026.08.18,09:30,16:00,141.00,42,pseudo,0.05,0.45,252,jump,2.0,0.0,0.02,3000,1.0,transaction,0.85,0.3,1.0,0.3,1.5,0.5,3.0,lognormal,145,0.8,1,1.3,2.5,1.0,0.9,15,0.5,500,0.6,0.15,0.01,4,0.5,0.7,0.12,0.08,0.25,30,0.3
